id,2020_total,2021_total,2022_total,2023_total,2019_total,2017_total,2018_total,2016_total
"6522-28th-Ave,-Kenosha,-WI-53143",0.0,2198.0,0.0,0.0,0.0,0.0,0.0,0.0
"20422-W-Legend-Trl,-Buckeye,-AZ-85396",3133.0,0.0,3321.0,0.0,0.0,0.0,0.0,0.0
"1041-Scaleybark-Rd,-Charlotte,-NC-28209",0.0,0.0,3499.0,4579.0,0.0,0.0,0.0,0.0
"2352-Sw-5th-St,-Apt-16,-Miami,-FL-33135",0.0,0.0,0.0,0.0,0.0,0.0,0.0,0.0
"2301-S-Austin-Ave,-Ste-5,-Denison,-TX-75020",0.0,0.0,0.0,0.0,0.0,0.0,0.0,0.0
"51-Birdsong-Pkwy,-Orchard-Park,-NY-14127",0.0,7589.0,0.0,0.0,0.0,0.0,0.0,0.0
"113-Oak-Ave,-Bellmawr,-NJ-08031",0.0,0.0,0.0,0.0,0.0,0.0,0.0,0.0
"11875-Westview-Pkwy,-San-Diego,-CA-92126",0.0,0.0,6895.0,7091.0,0.0,0.0,0.0,0.0
"8715-Shadow-Crest-St,-Houston,-TX-77074",2889.0,3116.0,0.0,0.0,4069.0,0.0,0.0,0.0
"4465-Boca-Way,-Spc-137,-Reno,-NV-89502",0.0,0.0,416.0,0.0,0.0,0.0,0.0,0.0
"815-Kendall-St,-Port-Orchard,-WA-98366",0.0,0.0,0.0,2673.0,0.0,0.0,0.0,0.0
"7002-Lakeview-Dr,-Unit-101,-San-Antonio,-TX-78244",0.0,0.0,0.0,0.0,0.0,0.0,0.0,0.0
"1009-Mechanic-St,-Bethlehem,-PA-18015",2424.0,0.0,2464.0,0.0,0.0,0.0,0.0,0.0
"3665-Whispering-Pines-Loop-S,-Delaware,-OH-43015",0.0,0.0,10522.0,0.0,869.0,0.0,0.0,0.0
"705-Chapel-Rd,-Glenside,-PA-19038",0.0,7879.0,8055.0,0.0,0.0,0.0,0.0,0.0
"54-Albero-Ct,-Rancho-Palos-Verdes,-CA-90275",0.0,0.0,14850.0,0.0,0.0,0.0,0.0,0.0
"53-Oakland-Ave,-Hanover,-MA-02339",0.0,0.0,0.0,0.0,0.0,0.0,0.0,0.0
"13343-Sunkiss-Loop,-Windermere,-FL-34786",0.0,0.0,3198.0,0.0,3081.0,0.0,0.0,0.0
"9245-W-Ira-St,-Tucson,-AZ-85735",0.0,0.0,477.0,494.0,0.0,0.0,0.0,0.0
"50-E-Bellevue-Pl,-Apt-2105,-Chicago,-IL-60611",0.0,0.0,0.0,0.0,0.0,0.0,8202.0,0.0
"5129-N-Newton-Cir,-Park-City,-KS-67219",3741.0,0.0,0.0,0.0,0.0,0.0,0.0,0.0
"1641-Old-Orchard-Ln,-Seabrook,-TX-77586",1019.0,0.0,3282.0,0.0,0.0,0.0,0.0,0.0
"328-Union-Ave,-Runnemede,-NJ-08078",0.0,6072.0,0.0,0.0,0.0,0.0,0.0,0.0
"877-Brosmer-Dr,-Reynoldsburg,-OH-43068",0.0,4997.0,9053.0,0.0,5069.0,0.0,0.0,0.0
"3222-W-Myrtle-Ave,-Phoenix,-AZ-85051",0.0,0.0,0.0,0.0,0.0,0.0,0.0,0.0
"24417-Twin-Lake-Dr,-Land-O-Lakes,-FL-34639",3442.0,0.0,4370.0,0.0,0.0,0.0,0.0,0.0
"624-N-Main-St,-Kewaunee,-WI-54216",0.0,0.0,0.0,0.0,0.0,0.0,0.0,0.0
"141-S-670-E,-Pleasant-Grove,-UT-84062",0.0,0.0,2272.0,0.0,0.0,0.0,0.0,0.0
"41-Mary-St,-West-Jefferson,-OH-43162",0.0,0.0,1135.0,0.0,0.0,0.0,0.0,0.0
"7807-Golf-Circle-Dr,-Apt-206,-Margate,-FL-33063",0.0,0.0,0.0,0.0,0.0,0.0,0.0,0.0
"6449-Wetherole-St,-Apt-2I,-Rego-Park,-NY-11374",0.0,0.0,0.0,0.0,4286.0,0.0,0.0,0.0
"3350-Mcfaddin-St,-Apt-27,-Beaumont,-TX-77706",0.0,0.0,0.0,0.0,0.0,0.0,0.0,0.0
"510-S-Irena-Ave,-Redondo-Beach,-CA-90277",28547.0,0.0,29218.0,29660.0,27931.0,0.0,0.0,0.0
"713-Mainsail-Dr,-Tampa,-FL-33602",0.0,3764.0,0.0,0.0,0.0,0.0,0.0,0.0
"113-Obregon-St,-San-Antonio,-TX-78207",0.0,0.0,116.0,0.0,0.0,0.0,0.0,0.0
"1632-River-Oaks-Dr,-Irving,-TX-75060",3237.0,0.0,2171.0,1625.0,0.0,0.0,0.0,0.0
"2718-Bettis-Ave,-Wasco,-CA-93280",0.0,0.0,2193.0,0.0,0.0,0.0,0.0,0.0
"337-Early-Rd,-Columbia,-TN-38401",0.0,0.0,447.0,0.0,0.0,0.0,0.0,0.0
"1025-Martin-Luther-King-Jr-Dr,-Asheboro,-NC-27203",0.0,0.0,0.0,0.0,0.0,0.0,0.0,0.0
"625-Hidden-Cove-Dr,-Princeton,-TX-75407",0.0,0.0,8929.0,0.0,0.0,0.0,0.0,0.0
"1901-N-River-Rd,-Algonquin,-IL-60102",0.0,0.0,0.0,0.0,0.0,0.0,0.0,0.0
"8600-Douglas-Ave,-Dallas,-TX-75225",0.0,0.0,100415.0,98041.0,0.0,0.0,0.0,0.0
"1615-Mariah-Way-E,-Fort-Walton-Beach,-FL-32547",0.0,0.0,3285.0,0.0,0.0,0.0,0.0,0.0
"134-Danforth-Dr,-Port-Charlotte,-FL-33980",0.0,0.0,0.0,0.0,0.0,0.0,0.0,0.0
"3813-Octavia-Ln,-Round-Rock,-TX-78681",8066.0,0.0,8057.0,0.0,0.0,0.0,0.0,0.0
"235th-St-W,-Rosamond,-CA-93560",0.0,0.0,0.0,0.0,0.0,0.0,0.0,0.0
"21515-Fairhaven-Creek-Dr,-Cypress,-TX-77433",0.0,0.0,10991.0,0.0,0.0,0.0,0.0,0.0
"14405-Hardtree-Dr,-Lake-Hughes,-CA-93532",2095.0,0.0,0.0,2258.0,0.0,0.0,0.0,0.0
"3011-Nova-Scotia-Ln,-Melbourne,-FL-32935",0.0,0.0,2059.0,0.0,0.0,0.0,0.0,0.0
"106-Ada-St,-West-Monroe,-LA-71291",0.0,0.0,0.0,0.0,0.0,0.0,0.0,0.0
"11114-Marbel-Ave,-Downey,-CA-90241",2191.0,0.0,0.0,2427.0,0.0,0.0,0.0,0.0
"717-Gee-St,-Salinas,-CA-93905",0.0,1787.0,0.0,0.0,0.0,0.0,0.0,0.0
"1907-Arbor-Vista-Dr,-Charlotte,-NC-28262",0.0,2569.0,2569.0,4309.0,0.0,0.0,0.0,0.0
"Marsh-View-Dr,-Lot-1,-Townsend,-GA-31331",0.0,0.0,0.0,0.0,0.0,0.0,0.0,0.0
"1009-W-Blaine-St,-Seattle,-WA-98119",0.0,8113.0,8478.0,9761.0,0.0,0.0,0.0,0.0
"110-3rd-Ave,-Apt-3,-St-Pete-Beach,-FL-33706",0.0,0.0,0.0,0.0,0.0,0.0,0.0,0.0
"502-1st-St-N,-Texas-City,-TX-77590",0.0,0.0,0.0,0.0,0.0,0.0,0.0,0.0
"23330-Westheimer-Pkwy,-Katy,-TX-77494",0.0,0.0,0.0,0.0,0.0,0.0,0.0,0.0
"10425-Hopcraft-Rd,-Onondaga,-MI-49264",0.0,0.0,0.0,0.0,0.0,0.0,0.0,0.0
"247-Candytuft-Rd,-Reisterstown,-MD-21136",0.0,0.0,1913.0,1288.0,0.0,0.0,0.0,0.0
"1775-N-Lafayette-St,-Unit-1,-Denver,-CO-80218",0.0,0.0,0.0,0.0,0.0,0.0,0.0,0.0
"15441-Sabillasville-Rd,-Blue-Ridge-Summit,-PA-17214",0.0,1951.0,0.0,0.0,0.0,0.0,0.0,0.0
"6-Penny-Ln,-Scarsdale,-NY-10583",0.0,0.0,0.0,0.0,0.0,0.0,0.0,0.0
"28-Asbury-Rd,-Asheville,-NC-28804",6644.0,0.0,0.0,0.0,0.0,0.0,0.0,0.0
"653-Cross-Keys-Rd,-Sicklerville,-NJ-08081",0.0,0.0,0.0,0.0,0.0,0.0,0.0,0.0
"118-Glavera-Ave-NE,-Canton,-OH-44704",0.0,0.0,0.0,0.0,0.0,0.0,0.0,0.0
"25117-Plantation-Dr-NE,-Atlanta,-GA-30324",0.0,4200.0,4463.0,0.0,1924.0,0.0,0.0,0.0
"4252-N-Teutonia-Ave,-Apt-201,-Milwaukee,-WI-53209",0.0,0.0,0.0,0.0,0.0,0.0,0.0,0.0
"161-Kaylor-Rd,-Pittsburgh,-PA-15237",0.0,0.0,0.0,2784.0,0.0,0.0,0.0,0.0
"6750-Us-Hwy,-27-N-Apt-C23,-Sebring,-FL-33870",0.0,0.0,1289.0,0.0,1051.0,0.0,0.0,0.0
"172-Parkrose-Dr,-Buda,-TX-78610",0.0,0.0,5211.0,0.0,4994.0,0.0,0.0,0.0
"6-Quail-Path,-Liverpool,-NY-13090",0.0,0.0,0.0,0.0,0.0,0.0,0.0,3137.0
"2520-Woodside-Dr,-Lewisville,-TX-75077",0.0,8690.0,8360.0,0.0,0.0,0.0,0.0,0.0
"10742-W-Flower-St,-Avondale,-AZ-85392",0.0,0.0,1332.0,0.0,0.0,0.0,0.0,0.0
"2523-Spring-St,-Pittsburgh,-PA-15210",0.0,157.0,0.0,0.0,0.0,0.0,0.0,0.0
"59274-Herwig-Rd,-Trlr-47,-Slidell,-LA-70461",0.0,0.0,0.0,0.0,0.0,0.0,0.0,0.0
"14400-Vose-St,-Apt-203,-Van-Nuys,-CA-91405",0.0,0.0,0.0,0.0,0.0,0.0,0.0,0.0
"1620-S-Chance-Ave,-Apt-117,-Fresno,-CA-93702",0.0,0.0,0.0,0.0,0.0,0.0,0.0,0.0
"9350-S-Cimarron-Rd,-Unit-2080,-Las-Vegas,-NV-89178",0.0,0.0,0.0,0.0,0.0,0.0,0.0,0.0
"1433-Royer-St,-Des-Moines,-IA-50316",2050.0,0.0,0.0,0.0,0.0,0.0,0.0,0.0
"8099-Bridle-Path-Cir,-Jurupa-Valley,-CA-92509",0.0,0.0,3062.0,0.0,0.0,0.0,0.0,0.0
"12615-Huntingwick-Dr,-Houston,-TX-77024",0.0,6123.0,6594.0,0.0,2336.0,0.0,0.0,0.0
"3711-Landon-Park-Dr,-Katy,-TX-77449",4248.0,0.0,4575.0,0.0,0.0,0.0,0.0,0.0
"4312-Airport-Blvd,-Austin,-TX-78722",0.0,0.0,0.0,0.0,0.0,0.0,0.0,0.0
"2028-Kays-Mill-Rd,-Finksburg,-MD-21048",0.0,0.0,4844.0,0.0,0.0,0.0,0.0,0.0
"1344-Stuart-St,-Denver,-CO-80204",0.0,0.0,0.0,0.0,2619.0,0.0,0.0,0.0
"6252-N-Lee-St,-Apt-14,-Morrow,-GA-30260",0.0,0.0,0.0,0.0,0.0,0.0,0.0,0.0
"1068-Ringwood-Ave,-Ste-1,-Haskell,-NJ-07420",0.0,0.0,0.0,0.0,0.0,0.0,0.0,0.0
"13068-E-Adams-Rd,-Hammond,-LA-70403",0.0,0.0,369.0,0.0,0.0,0.0,0.0,0.0
"5161-Bluegrass-Trl,-Grovetown,-GA-30813",0.0,2166.0,0.0,0.0,0.0,0.0,0.0,0.0
"2235-Catamaran-Dr,-Lake-Havasu-City,-AZ-86404",0.0,0.0,0.0,0.0,0.0,0.0,0.0,0.0
"401-S-El-Cielo-Rd,-Unit-176,-Palm-Springs,-CA-92262",0.0,0.0,0.0,3652.0,0.0,0.0,3055.0,0.0
"2945-W-Peterson-Ave---B,-Chicago,-IL-60659",0.0,0.0,0.0,0.0,0.0,0.0,0.0,0.0
"2127-Green-St,-Philadelphia,-PA-19130",12201.0,0.0,0.0,0.0,0.0,0.0,0.0,0.0
"306-Upper-Mountain-Ave,-Montclair,-NJ-07043",0.0,0.0,0.0,0.0,0.0,0.0,52350.0,0.0
"385-Piermont-Ave,-Hillsdale,-NJ-07642",0.0,10371.0,0.0,0.0,0.0,0.0,0.0,0.0
"8507-Sagestone-Ct,-Houston,-TX-77095",2234.0,8450.0,4187.0,0.0,0.0,0.0,0.0,0.0
"11319-Corum-St,-Houston,-TX-77089",0.0,518.0,0.0,0.0,0.0,0.0,0.0,0.0
"302-Sagebrush,-Pharr,-TX-78577",0.0,1133.0,1325.0,0.0,0.0,0.0,0.0,0.0
"258-W-Nicklaus-Ave,-Kalispell,-MT-59901",0.0,0.0,0.0,0.0,0.0,0.0,0.0,0.0
"139-Seabreeze-Dr,-Murrells-Inlet,-SC-29576",2532.0,1199.0,0.0,0.0,0.0,0.0,0.0,0.0
"114-E-Oak-St,-Palmyra,-PA-17078",0.0,0.0,2319.0,0.0,0.0,0.0,0.0,0.0
"1512-N-Florence-Pl,-Tulsa,-OK-74110",0.0,0.0,440.0,0.0,0.0,0.0,0.0,0.0
"11890-W-135th-St,-Overland-Park,-KS-66221",0.0,0.0,0.0,0.0,0.0,0.0,0.0,0.0
"11209-Fetterly-Rd-W,-Hopkins,-MN-55305",0.0,0.0,0.0,7918.0,0.0,0.0,0.0,0.0
"1465-Culpepper-Dr,-Naperville,-IL-60540",9021.0,9218.0,9567.0,0.0,0.0,0.0,0.0,0.0
"2722-Halsey-Dr,-Flower-Mound,-TX-75028",0.0,0.0,9394.0,0.0,0.0,0.0,0.0,0.0
"6261-E-Canyon-Crossing-Dr,-Nampa,-ID-83687",0.0,0.0,0.0,0.0,0.0,0.0,0.0,0.0
"26076-Weigel-Rd,-New-Boston,-MI-48164",0.0,0.0,1940.0,0.0,0.0,0.0,0.0,0.0
"16-Sylvester-St,-Manchester,-NH-03102",0.0,0.0,4773.0,0.0,4229.0,0.0,0.0,0.0
"10527-Driver-Ave,-Saint-Louis,-MO-63114",0.0,0.0,2434.0,0.0,0.0,0.0,0.0,0.0
"716-N-Atlanta-St,-Owasso,-OK-74055",1112.0,0.0,0.0,0.0,0.0,0.0,0.0,0.0
"123-Wayward-Dr,-Durham,-NC-27703",263.0,0.0,0.0,0.0,0.0,0.0,0.0,0.0
"402-Shady-Oaks-Cir,-Denton,-TX-76208",0.0,0.0,0.0,0.0,0.0,0.0,0.0,0.0
"59604-Plum-Nearly-Rd,-Bogalusa,-LA-70427",0.0,0.0,0.0,0.0,0.0,0.0,0.0,0.0
"105-Hickory-Hills-Dr,-Murfreesboro,-TN-37128",0.0,0.0,0.0,1399.0,0.0,0.0,0.0,0.0
"955-Eudora-St,-Apt-1603,-Denver,-CO-80220",0.0,1653.0,1712.0,0.0,0.0,0.0,0.0,0.0
"321-323-Shore-Dr,-Apt-16---UNIT-23,-Highlands,-NJ-07732",0.0,3096.0,0.0,0.0,0.0,0.0,0.0,0.0
"490-Hoffman-Ave,-Apt-311,-Trenton,-NJ-08618",0.0,0.0,0.0,0.0,0.0,0.0,0.0,0.0
"108-S-Ellyn-Ave,-Glen-Ellyn,-IL-60137",0.0,0.0,0.0,0.0,0.0,0.0,7264.0,0.0
"1025-E-Young-St,-Longview,-TX-75602",0.0,0.0,618.0,0.0,0.0,0.0,384.0,0.0
"21423-Old-Owen-Rd,-Monroe,-WA-98272",0.0,0.0,0.0,0.0,3191.0,0.0,0.0,0.0
"7440-N-Hermitage-Ave,-Apt-3G,-Chicago,-IL-60626",0.0,0.0,0.0,0.0,1752.0,0.0,0.0,0.0
"888-E-Quincy-Ave,-Englewood,-CO-80113",0.0,9087.0,9002.0,0.0,0.0,0.0,0.0,0.0
"444-Niu-St,-Apt-3405A,-Honolulu,-HI-96815",0.0,0.0,0.0,0.0,0.0,0.0,0.0,0.0
"4751-Hamburg-St,-Las-Vegas,-NV-89147",1883.0,2029.0,2191.0,0.0,0.0,0.0,0.0,0.0
"10504-Lord-Dr,-Saint-Louis,-MO-63136",816.0,0.0,952.0,1208.0,0.0,0.0,0.0,0.0
"2304-Oak-Ln,-Ste-236,-Grand-Prairie,-TX-75051",0.0,0.0,0.0,0.0,0.0,0.0,0.0,0.0
"1112-Stoeber-Ave,-Sarasota,-FL-34232",0.0,0.0,2845.0,0.0,0.0,0.0,0.0,0.0
"5212-Ne-37th-St,-Kansas-City,-MO-64117",0.0,0.0,0.0,0.0,0.0,0.0,0.0,0.0
"707-S-Windsor-St,-Windsor,-MO-65360",0.0,0.0,343.0,0.0,0.0,0.0,0.0,0.0
"50-W-34th-St,-Unit-09A11,-Manhattan,-NY-10001",0.0,0.0,0.0,0.0,0.0,0.0,0.0,0.0
"3403-Memel-St,-Apt-C,-Houston,-TX-77026",0.0,0.0,0.0,0.0,0.0,0.0,0.0,0.0
"705-Huron-Hl,-Madison,-WI-53711",0.0,0.0,0.0,0.0,0.0,0.0,0.0,0.0
"1400-H-G-Mosley-Pkwy,-Apt-907,-Longview,-TX-75604",0.0,0.0,0.0,0.0,0.0,0.0,0.0,0.0
"4913-S-Narcissus-Ave,-Broken-Arrow,-OK-74011",0.0,0.0,2100.0,0.0,0.0,0.0,0.0,0.0
"233-Ligustrum-Ln,-Apt-204,-Merritt-Island,-FL-32953",0.0,0.0,0.0,0.0,0.0,0.0,0.0,0.0
"19043-Island-View-Dr,-Mora,-MN-55051",0.0,0.0,0.0,0.0,0.0,0.0,0.0,0.0
"3329-Highway,-1045,-Amite,-LA-70422",160.0,0.0,0.0,0.0,0.0,0.0,0.0,0.0
"2426-Summit-View-St,-Grand-Prairie,-TX-75050",1216.0,0.0,882.0,0.0,1359.0,0.0,0.0,0.0
"8250-Forsyth-Blvd,-Unit-209,-Clayton,-MO-63105",0.0,0.0,0.0,0.0,0.0,0.0,0.0,0.0
"PO-Box-93372,-Las-Vegas,-NV-89193",0.0,0.0,0.0,0.0,0.0,0.0,0.0,0.0
"1523-E-204th-St,-Euclid,-OH-44117",0.0,2743.0,2333.0,0.0,0.0,0.0,0.0,0.0
"716-S-Highland-St,-Arlington,-VA-22204",0.0,0.0,8460.0,0.0,0.0,0.0,0.0,0.0
"177-Jupiter-Trl,-Weatherford,-TX-76088",0.0,0.0,0.0,0.0,0.0,0.0,0.0,0.0
"721-N-Atlantic-Ave,-Pittsburgh,-PA-15224",0.0,0.0,1476.0,0.0,0.0,0.0,0.0,0.0
"116-Richmond-Dr,-Fairview-Heights,-IL-62208",0.0,0.0,0.0,0.0,346.0,0.0,0.0,0.0
"801-Vance-St-E,-Wilson,-NC-27893",0.0,738.0,0.0,0.0,0.0,0.0,0.0,0.0
"10611-Drexel-Ave,-Cleveland,-OH-44108",693.0,730.0,847.0,0.0,0.0,0.0,0.0,0.0
"10844-Collins-St,-North-Hollywood,-CA-91601",0.0,0.0,0.0,0.0,0.0,0.0,0.0,0.0
"1802-Commercial-St,-Steilacoom,-WA-98388",0.0,0.0,0.0,0.0,0.0,0.0,0.0,0.0
"1110-Sw-48th-Ter,-Apt-A201,-Cape-Coral,-FL-33914",0.0,0.0,0.0,0.0,0.0,0.0,0.0,0.0
"8903-C-E-King-Pkwy,-Trlr-108,-Houston,-TX-77044",0.0,0.0,451.0,0.0,355.0,0.0,0.0,0.0
"14449-Fox-St,-Mission-Hills,-CA-91345",0.0,0.0,0.0,1141.0,0.0,0.0,0.0,0.0
"816-Ash-St,-Burleson,-TX-76028",0.0,5313.0,0.0,0.0,0.0,0.0,0.0,0.0
"941-Stratford-Ave,-Sweetwater,-TN-37874",0.0,0.0,0.0,0.0,0.0,0.0,0.0,0.0
"26-Pleasant-St,-Apt-2,-Cambridge,-MA-02139",0.0,0.0,0.0,0.0,0.0,0.0,0.0,0.0
"5810-Lalor-Dr,-San-Jose,-CA-95123",0.0,0.0,0.0,0.0,7222.0,0.0,0.0,0.0
"1258-Lago-Vista-Dr,-Beverly-Hills,-CA-90210",0.0,0.0,0.0,0.0,0.0,0.0,0.0,0.0
"1689-Mclain-Rd-NW,-Acworth,-GA-30101",0.0,0.0,1024.0,0.0,0.0,0.0,0.0,0.0
"46-Planters-Cir,-Beaufort,-SC-29907",1365.0,1370.0,1411.0,0.0,1325.0,0.0,0.0,0.0
"100-Grant-Ave,-Apt-306,-Duquesne,-PA-15110",0.0,0.0,0.0,0.0,0.0,0.0,0.0,0.0
"4022-Sparrow-Rock-St,-Las-Vegas,-NV-89129",0.0,0.0,1407.0,0.0,1133.0,0.0,0.0,0.0
"6238-Pelican-Coral,-San-Antonio,-TX-78244",0.0,4763.0,4719.0,0.0,4251.0,0.0,0.0,0.0
"2171-W-Sunset-Surprise-Ct,-Tucson,-AZ-85742",0.0,0.0,2602.0,2733.0,2626.0,0.0,0.0,0.0
"1060-W-Hollywood-Ave,-Apt-501,-Chicago,-IL-60660",0.0,1039.0,0.0,0.0,0.0,0.0,531.0,0.0
"6057-Magellan-Rd,-Jacksonville,-FL-32222",0.0,0.0,1998.0,2188.0,0.0,0.0,0.0,0.0
"975-Pine-Ridge-Dr,-Plantation,-FL-33317",0.0,0.0,1142.0,0.0,0.0,0.0,0.0,0.0
"14612-S-St,-Omaha,-NE-68137",0.0,0.0,0.0,0.0,0.0,0.0,0.0,0.0
"1102-E-Hickory-St,-Denton,-TX-76205",0.0,0.0,0.0,0.0,0.0,0.0,0.0,0.0
"8944-Candice-Lee-Ct,-Las-Vegas,-NV-89149",1361.0,0.0,1583.0,0.0,1275.0,0.0,0.0,0.0
"2335-Avellino-Ave,-Saint-Cloud,-FL-34771",0.0,0.0,3056.0,0.0,0.0,0.0,0.0,0.0
"711-Penny-Ln,-Trussville,-AL-35173",0.0,0.0,1735.0,0.0,0.0,0.0,0.0,0.0
"1179-Abernathy-Rd,-Ashland-City,-TN-37015",0.0,0.0,0.0,0.0,0.0,0.0,1181.0,0.0
"4855-Orleans-Ln-N,-Minneapolis,-MN-55442",0.0,3780.0,0.0,0.0,0.0,0.0,0.0,0.0
"212-Anderson-St,-Piedmont,-SC-29673",0.0,0.0,0.0,0.0,0.0,0.0,0.0,0.0
"3117-Brentwood-Dr,-Grand-Island,-NE-68801",0.0,0.0,5790.0,0.0,0.0,0.0,0.0,0.0
"2623-S-Andrews-Ln,-San-Bernardino,-CA-92408",0.0,0.0,6521.0,6643.0,6412.0,0.0,0.0,0.0
"715-S-Alton-Way,-Unit-7C,-Denver,-CO-80247",809.0,0.0,0.0,0.0,0.0,0.0,0.0,0.0
"PO-Box-3387,-Conway,-SC-29528",0.0,0.0,0.0,0.0,0.0,0.0,0.0,0.0
"9782-S-182nd-Dr,-Goodyear,-AZ-85338",0.0,0.0,3367.0,0.0,0.0,0.0,0.0,0.0
"15-Clematis-Ave,-Waterbury,-CT-06708",0.0,4994.0,0.0,0.0,0.0,0.0,0.0,0.0
"7336-E-Norwood-St,-Mesa,-AZ-85207",2608.0,0.0,2573.0,0.0,0.0,0.0,0.0,0.0
"840-Sacramento-Ave,-Apt-340,-West-Sacramento,-CA-95605",0.0,0.0,0.0,0.0,0.0,0.0,0.0,0.0
"34-Ashley-Ave,-Charleston,-SC-29401",0.0,0.0,17686.0,0.0,5045.0,0.0,0.0,0.0
"613-Jumbuck-Ln,-Bakersfield,-CA-93307",0.0,0.0,0.0,0.0,0.0,0.0,0.0,0.0
"122-Mckeel-Ave,-Tarrytown,-NY-10591",0.0,0.0,0.0,0.0,0.0,0.0,0.0,0.0
"7920-Seville-Pl,-Apt-1904,-Boca-Raton,-FL-33433",2024.0,0.0,0.0,2143.0,0.0,0.0,0.0,0.0
"134-Partridge-Cir,-Carlisle,-PA-17013",0.0,0.0,2947.0,0.0,0.0,0.0,0.0,0.0
"3958-N-Albina-Ave,-Portland,-OR-97227",0.0,0.0,0.0,0.0,0.0,0.0,0.0,0.0
"1901-S-Henry-Ln,-Gilbert,-AZ-85295",0.0,0.0,2070.0,0.0,0.0,0.0,0.0,0.0
"1337-Banks-St,-Houston,-TX-77006",0.0,0.0,0.0,0.0,0.0,0.0,0.0,0.0
"2120-Dogwood-Dr,-Sevierville,-TN-37876",0.0,1175.0,0.0,0.0,0.0,0.0,0.0,0.0
"1602-Yeomans-Path,-Lakeland,-FL-33809",0.0,3326.0,3682.0,0.0,0.0,0.0,0.0,0.0
"3410-E-Janice-St,-Long-Beach,-CA-90805",0.0,0.0,2794.0,2969.0,0.0,0.0,0.0,0.0
"34-Prospect-St,-Roosevelt,-NY-11575",0.0,0.0,0.0,0.0,0.0,0.0,0.0,0.0
"5071-Elrose-Ave,-San-Jose,-CA-95124",0.0,0.0,19102.0,0.0,0.0,0.0,0.0,0.0
"25306-Saddlebrook-Ranch-Dr,-Tomball,-TX-77375",5269.0,0.0,6550.0,0.0,0.0,0.0,0.0,0.0
"14680-Nw-66th-Ter,-Kansas-City,-MO-64152",0.0,0.0,0.0,0.0,0.0,0.0,4159.0,0.0
"202-Petunia-Dr,-Griffin,-GA-30223",0.0,4881.0,5670.0,0.0,0.0,0.0,0.0,0.0
"8510-West-St,-Houston,-TX-77093",0.0,0.0,0.0,0.0,0.0,0.0,0.0,0.0
"8085-Caminito-De-Pizza,-Unit-L,-San-Diego,-CA-92108",0.0,4336.0,0.0,4484.0,3505.0,0.0,0.0,0.0
"1109-Dennison-St,-Little-Rock,-AR-72202",236.0,266.0,294.0,701.0,211.0,0.0,0.0,0.0
"17319-Acorn-Rdg,-Eden-Prairie,-MN-55347",0.0,0.0,0.0,9844.0,0.0,0.0,0.0,0.0
"625-Prendergast-Ave,-Apt-3,-Jamestown,-NY-14701",0.0,0.0,0.0,0.0,0.0,0.0,0.0,0.0
"475-N-Highland-St,-Apt-3F,-Memphis,-TN-38122",0.0,0.0,0.0,0.0,0.0,0.0,0.0,0.0
"1560-Central-Ave,-Unit-440,-Saint-Petersburg,-FL-33705",0.0,0.0,0.0,0.0,0.0,0.0,0.0,0.0
"7020-Henry-Quincy-Way,-Charlotte,-NC-28277",0.0,3928.0,3928.0,0.0,0.0,0.0,0.0,0.0
"61023-Amethyst-St,-Bend,-OR-97702",0.0,0.0,4185.0,0.0,0.0,0.0,0.0,0.0
"6704-Nantucket-Ln,-Arlington,-TX-76001",0.0,0.0,10489.0,0.0,0.0,0.0,0.0,0.0
"273-Jaimes-Ln,-Atoka,-TN-38004",0.0,0.0,1848.0,0.0,0.0,0.0,0.0,0.0
"134-Palarm-Creek-Rd,-Conway,-AR-72032",176.0,0.0,0.0,0.0,0.0,0.0,0.0,0.0
"3482-Big-Sur-Dr,-Las-Vegas,-NV-89122",0.0,261.0,268.0,0.0,0.0,0.0,0.0,0.0
"2432-S-15th-Ave,-Broadview,-IL-60155",0.0,8357.0,0.0,0.0,0.0,0.0,5670.0,0.0
"631-W-Greenfield-St,-Elkhorn,-WI-53121",0.0,0.0,0.0,0.0,0.0,0.0,0.0,0.0
"1300-Se-1st-St,-Apt-5,-Fort-Lauderdale,-FL-33301",0.0,0.0,0.0,0.0,0.0,0.0,0.0,0.0
"1500-Hamilton-St,-Apt-736,-Philadelphia,-PA-19130",0.0,0.0,0.0,0.0,0.0,0.0,0.0,0.0
"9220-Bradford-Forest-Dr,-Harrisburg,-NC-28075",0.0,0.0,5328.0,0.0,0.0,0.0,0.0,0.0
"565-Sparks-Blvd,-Apt-BF618,-Sparks,-NV-89434",0.0,0.0,0.0,0.0,0.0,0.0,0.0,0.0
"626-Apple-Orchard-Cir,-Berkeley-Springs,-WV-25411",0.0,0.0,0.0,0.0,0.0,0.0,0.0,0.0
"10462-E-Olla-Ave,-Mesa,-AZ-85212",1584.0,0.0,1488.0,0.0,0.0,0.0,0.0,0.0
"16151-Silverleaf-Dr,-San-Lorenzo,-CA-94580",0.0,0.0,6072.0,6167.0,0.0,0.0,0.0,0.0
"5408-Brooks-St,-Rio-Grande-City,-TX-78582",0.0,0.0,0.0,0.0,0.0,0.0,0.0,0.0
"2109-Elfen-Gln,-Van-Buren,-AR-72956",0.0,0.0,0.0,0.0,0.0,0.0,0.0,1711.0
"586-W-Mount-Maria-Rd,-Spruce,-MI-48762",0.0,0.0,0.0,0.0,0.0,0.0,0.0,0.0
"105-S-12th-St,-Apt-C6,-Murray,-KY-42071",0.0,0.0,0.0,0.0,0.0,0.0,0.0,0.0
"7463-S-Via-Rancho-Ln,-Costa,-Tucson,-AZ-85756",0.0,0.0,2884.0,2897.0,0.0,0.0,0.0,0.0
"324-Saint-Francis-Way,-Knoxville,-TN-37919",0.0,0.0,0.0,0.0,0.0,0.0,0.0,0.0
"2391-Sample-Ave,-Clovis,-CA-93611",0.0,0.0,0.0,0.0,0.0,0.0,0.0,0.0
"102-Long-St,-Morganton,-NC-28655",0.0,0.0,760.0,735.0,0.0,0.0,0.0,0.0
"39670-Highview-Dr,-Oakhurst,-CA-93644",0.0,0.0,0.0,0.0,0.0,0.0,0.0,0.0
"505-Forest-St,-Martinsville,-VA-24112",0.0,0.0,0.0,0.0,0.0,0.0,0.0,0.0
"1111-Chamboard-Ln,-Houston,-TX-77018",7232.0,0.0,7551.0,0.0,0.0,0.0,0.0,0.0
"13645-E-Colonial-Dr,-Apt-168,-Orlando,-FL-32826",0.0,0.0,0.0,0.0,0.0,0.0,0.0,0.0
"2449-E-Club-Dr-NE,-Apt-114,-Brookhaven,-GA-30319",0.0,0.0,0.0,0.0,0.0,0.0,0.0,0.0
"2701-Hillsboro-Ave-N,-Apt-309,-Minneapolis,-MN-55427",0.0,0.0,0.0,0.0,0.0,0.0,0.0,0.0
"290-Hanover-Rd,-York,-PA-17408",0.0,3561.0,0.0,0.0,0.0,0.0,0.0,0.0
"6034-S-12th-Pl,-Phoenix,-AZ-85042",783.0,0.0,769.0,0.0,0.0,0.0,0.0,0.0
"1217-Bellaire-Dr-NE,-Brookhaven,-GA-30319",0.0,0.0,8677.0,9584.0,8190.0,0.0,0.0,0.0
"610-E-North-St,-Apt-7,-Greenville,-SC-29601",0.0,0.0,0.0,0.0,0.0,0.0,0.0,0.0
"96-Franklin-Square-Dr,-Apt-107,-Munford,-TN-38058",0.0,0.0,0.0,0.0,0.0,0.0,0.0,0.0
"509-Wentworth-Ave,-Battle-Creek,-MI-49015",0.0,0.0,0.0,0.0,0.0,0.0,1672.0,0.0
"4140-Sw-53rd-Ave,-Portland,-OR-97221",0.0,12877.0,0.0,0.0,0.0,0.0,0.0,0.0
"1100-16th-St,-Clarkston,-WA-99403",0.0,0.0,0.0,0.0,0.0,0.0,0.0,0.0
"327-Cedar-Ridge-Rd,-Randleman,-NC-27317",0.0,0.0,1555.0,0.0,0.0,0.0,0.0,0.0
"628A-7-1-2-St-SW,-Charlottesville,-VA-22903",0.0,0.0,0.0,0.0,0.0,0.0,0.0,0.0
"375-Meadow-Ln,-Mooresville,-NC-28115",0.0,0.0,0.0,0.0,0.0,0.0,160.0,0.0
"4200-Veterans-Memorial-Blvd,-Metairie,-LA-70006",0.0,0.0,0.0,0.0,0.0,0.0,0.0,0.0
"17511-Ohio-Canal-Ct,-Humble,-TX-77346",2276.0,9237.0,0.0,0.0,0.0,0.0,0.0,0.0
"843-Wood-Ave,-Edison,-NJ-08820",0.0,0.0,4050.0,0.0,0.0,0.0,3812.0,0.0
"779-Briarcliff-Dr,-Orange-City,-FL-32763",0.0,0.0,2153.0,0.0,0.0,0.0,0.0,0.0
"3185-Dove-Ln,-Mulberry,-FL-33860",0.0,0.0,834.0,0.0,0.0,0.0,0.0,0.0
"8745-Steelhead-Ct,-Reno,-NV-89523",2731.0,2849.0,0.0,3014.0,0.0,0.0,0.0,0.0
"568-Past-St,-Palmetto,-GA-30268",0.0,0.0,0.0,0.0,0.0,0.0,0.0,0.0
"78-Tuscarora-Ave,-Beaufort,-SC-29907",0.0,0.0,0.0,0.0,0.0,0.0,0.0,0.0
"45-313-Namoku-St,-Kaneohe,-HI-96744",3141.0,0.0,0.0,0.0,0.0,0.0,0.0,0.0
"461-Coopers-Way,-Centerton,-AR-72719",1813.0,0.0,0.0,0.0,0.0,0.0,0.0,0.0
"3733-Autumn-Ln,-Baytown,-TX-77521",0.0,0.0,1070.0,0.0,0.0,0.0,0.0,0.0
"15411-Blackwell-Dr,-Omaha,-NE-68137",0.0,0.0,4476.0,0.0,0.0,0.0,0.0,0.0
"515-W-Summit-Ave,-Coeur-D-Alene,-ID-83814",0.0,0.0,2812.0,0.0,3243.0,0.0,0.0,0.0
"15-S-Church-St,-Unit-4,-Spring-City,-PA-19475",0.0,0.0,0.0,0.0,0.0,0.0,0.0,0.0
"1406-Bliss-St,-Belvidere,-IL-61008",0.0,0.0,6828.0,0.0,6048.0,0.0,0.0,0.0
"2100-Winsted-Ln,-Apt-A,-Austin,-TX-78703",0.0,0.0,0.0,0.0,0.0,0.0,0.0,0.0
"201-08-116th-Ave,-Saint-Albans,-NY-11412",0.0,0.0,0.0,0.0,0.0,0.0,0.0,0.0
"901-44th-Ave-NE,-Saint-Petersburg,-FL-33703",0.0,0.0,5744.0,0.0,0.0,0.0,0.0,0.0
"6186-Zachary-Ave,-Springfield,-OH-45502",0.0,0.0,0.0,0.0,0.0,0.0,0.0,0.0
"91-1079-Kaupea-St,-Kapolei,-HI-96707",0.0,300.0,300.0,0.0,0.0,0.0,0.0,0.0
"460-W-Hintz-Rd,-Wheeling,-IL-60090",0.0,0.0,0.0,0.0,0.0,0.0,0.0,0.0
"5237-Magellan-Way-W,-Delray-Beach,-FL-33484",3171.0,0.0,3183.0,3222.0,3849.0,0.0,0.0,0.0
"1379-Land-Grove-Dr,-Kernersville,-NC-27284",0.0,0.0,3179.0,0.0,0.0,0.0,0.0,0.0
"8735-Crampton-Dr,-Powell,-OH-43065",0.0,0.0,6463.0,0.0,0.0,0.0,0.0,0.0
"67-Lagoon-Rd,-Statesboro,-GA-30461",0.0,0.0,0.0,0.0,0.0,0.0,0.0,0.0
"25267-18th-St,-San-Bernardino,-CA-92404",1716.0,0.0,0.0,0.0,0.0,0.0,0.0,0.0
"Carthage-Rd,-West-End,-NC-27376",0.0,0.0,0.0,0.0,0.0,0.0,0.0,0.0
"5286-24th-St,-Detroit,-MI-48208",0.0,0.0,0.0,0.0,0.0,0.0,0.0,0.0
"2108-E-Woodstone-Dr,-Hayden,-ID-83835",5888.0,0.0,0.0,0.0,0.0,0.0,0.0,0.0
"1348-Yadkinville-Rd,-Mocksville,-NC-27028",0.0,0.0,0.0,0.0,0.0,0.0,0.0,0.0
"10243-Classic-Oak-Rd-N,-Jacksonville,-FL-32225",0.0,1261.0,1280.0,0.0,0.0,0.0,0.0,0.0
"1406-E-6th-Ave,-Brodhead,-WI-53520",0.0,0.0,0.0,0.0,0.0,0.0,0.0,0.0
"505-N-Maple-St,-Searcy,-AR-72143",0.0,0.0,0.0,0.0,0.0,0.0,0.0,0.0
"602-4th-St-S,-Northwood,-IA-50459",0.0,0.0,0.0,0.0,0.0,0.0,0.0,0.0
"30264-Lands-End-Pl,-Canyon-Lake,-CA-92587",0.0,0.0,0.0,0.0,9086.0,0.0,0.0,0.0
"7992-N-Indian-Rd-E,-Dry-Fork,-UT-84078",0.0,0.0,0.0,0.0,0.0,0.0,0.0,0.0
"7142-S-Maplewood-Ave,-Chicago,-IL-60629",0.0,2146.0,0.0,0.0,1459.0,0.0,1433.0,0.0
"2727-W-43rd-St,-Apt-410,-Minneapolis,-MN-55410",145.0,0.0,0.0,0.0,0.0,0.0,0.0,0.0
"704-Walnut-Ridge-Ests,-Pottstown,-PA-19464",0.0,0.0,0.0,0.0,0.0,0.0,0.0,0.0
"11839-Loma-Dr,-Apt-8,-Whittier,-CA-90604",0.0,0.0,0.0,0.0,0.0,0.0,0.0,0.0
"3327-Las-Vegas-Blvd-S,-Ste-1560,-Las-Vegas,-NV-89109",0.0,0.0,0.0,0.0,0.0,0.0,0.0,0.0
"6033-W-Bethany-Home-Rd,-Apt-804,-Glendale,-AZ-85301",0.0,0.0,0.0,0.0,0.0,0.0,0.0,0.0
"11505-Pace-Bend-Ct,-Gibsonton,-FL-33534",0.0,4726.0,5233.0,0.0,0.0,0.0,0.0,0.0
"297-County-Hwy,-241,-Benton,-MO-63736",0.0,0.0,0.0,0.0,0.0,0.0,0.0,0.0
"824-Pecos-River-Dr,-Granbury,-TX-76048",0.0,0.0,500.0,0.0,0.0,0.0,0.0,0.0
"202-Crossroads-Cir,-Montrose,-CO-81401",0.0,0.0,0.0,0.0,0.0,0.0,0.0,0.0
"2-W-Rawhide-Ave,-Gilbert,-AZ-85233",0.0,0.0,894.0,0.0,0.0,0.0,0.0,0.0
"5103-Concordia-St,-Fairfax,-VA-22032",7806.0,0.0,0.0,0.0,0.0,0.0,0.0,0.0
"11211-Nw-7th-St,-Apt-2,-Miami,-FL-33172",0.0,0.0,0.0,0.0,0.0,0.0,0.0,0.0
"5606-Dalrymple-Rd,-Minneapolis,-MN-55424",0.0,10672.0,0.0,12282.0,0.0,0.0,0.0,0.0
"1544-S-53rd-St,-Philadelphia,-PA-19143",318.0,318.0,0.0,0.0,0.0,0.0,0.0,0.0
"300-Mercer-St,-Apt-30J,-New-York,-NY-10003",0.0,0.0,0.0,0.0,0.0,0.0,0.0,0.0
"627-Cory-St,-Bessemer,-AL-35020",0.0,0.0,703.0,0.0,0.0,0.0,0.0,0.0
"PO-Box-527,-Harrison,-NJ-07029",0.0,0.0,0.0,0.0,0.0,0.0,0.0,0.0
"12-Huntington-Ln,-Willingboro,-NJ-08046",0.0,0.0,0.0,0.0,7298.0,0.0,0.0,0.0
"10721-Emerald-Park-Ln,-Fort-Worth,-TX-76052",0.0,0.0,0.0,0.0,0.0,0.0,0.0,0.0
"315-May-Oak-Rd,-Columbia,-SC-29229",1208.0,1193.0,1199.0,0.0,0.0,0.0,0.0,0.0
"2070-World-Parkway-Blvd,-Apt-20,-Clearwater,-FL-33763",2438.0,0.0,0.0,0.0,0.0,0.0,0.0,0.0
"105-S-Alarcon-St,-Unit-A,-Prescott,-AZ-86303",0.0,0.0,0.0,0.0,0.0,0.0,0.0,0.0
"1636-Hull-Ave,-Apt-202,-Des-Moines,-IA-50313",0.0,0.0,0.0,0.0,0.0,0.0,0.0,0.0
"2441-Carlmont-Dr,-Apt-306,-Belmont,-CA-94002",0.0,0.0,0.0,0.0,0.0,0.0,0.0,0.0
"11151-Trinity-River-Dr,-Rancho-Cordova,-CA-95670",0.0,0.0,0.0,5615.0,0.0,0.0,0.0,0.0
"1725-Tillstream-Dr,-Orlando,-FL-32818",0.0,1089.0,1121.0,0.0,0.0,0.0,0.0,0.0
"1241-5th-St,-Whitehall,-PA-18052",0.0,0.0,0.0,4487.0,0.0,0.0,0.0,0.0
"22271-E-Bellewood-Pl,-Aurora,-CO-80015",0.0,0.0,4073.0,0.0,4428.0,0.0,0.0,0.0
"14-Santa-Cruz-Dr,-Florissant,-MO-63031",0.0,0.0,1645.0,0.0,0.0,0.0,0.0,0.0
"1595-Mono-Ave,-San-Leandro,-CA-94578",0.0,0.0,0.0,0.0,8552.0,0.0,0.0,0.0
"1825-Oates-Dr,-Apt-722,-Mesquite,-TX-75150",0.0,0.0,0.0,0.0,0.0,0.0,0.0,0.0
"506-Hiawatha-Trl,-Georgetown,-KY-40324",1377.0,1481.0,1620.0,0.0,1266.0,0.0,0.0,0.0
"9136-Trail-Ct,-Jonesboro,-GA-30238",0.0,0.0,933.0,0.0,489.0,0.0,0.0,0.0
"101-E-10th-St,-Ste-4G,-New-York-City,-NY-10003",0.0,0.0,0.0,0.0,0.0,0.0,0.0,0.0
"2434-Covey-Ct,-Santa-Rosa,-CA-95403",0.0,0.0,6207.0,0.0,0.0,0.0,0.0,0.0
"3318-Saint-James-Pl,-Falls-Church,-VA-22042",5667.0,0.0,6465.0,0.0,0.0,0.0,0.0,0.0
"1627-Woodhaven-Ct,-Mundelein,-IL-60060",0.0,5065.0,5157.0,0.0,0.0,0.0,0.0,0.0
"18335-Sagebrush-Trl,-Desert-Hot-Springs,-CA-92241",0.0,0.0,0.0,0.0,0.0,0.0,0.0,0.0
"PO-Box-2006,-Denham-Springs,-LA-70727",0.0,0.0,0.0,0.0,0.0,0.0,0.0,0.0
"9758-Old-Lincoln-Trl,-Fairview-Heights,-IL-62208",0.0,0.0,2974.0,0.0,3002.0,0.0,0.0,0.0
"2457-S-Palmetto-Ave,-Sanford,-FL-32771",2262.0,0.0,3414.0,0.0,0.0,0.0,0.0,0.0
"J5-The-Mdws,-Clifton,-NJ-07012",0.0,0.0,0.0,0.0,0.0,0.0,0.0,0.0
"65-Cambridge-Ave,-Jersey-City,-NJ-07307",9121.0,0.0,0.0,0.0,12365.0,0.0,11947.0,0.0
"1491-Pompey-Dr,-San-Jose,-CA-95128",19288.0,0.0,0.0,0.0,0.0,0.0,0.0,0.0
"257-Deerwood-Cir,-Unit-2-9,-Naples,-FL-34113",0.0,0.0,0.0,0.0,0.0,0.0,0.0,0.0
"933-West-Blvd,-Hartford,-CT-06105",0.0,0.0,0.0,0.0,0.0,0.0,0.0,0.0
"1500-Holly-Ln-NE,-Atlanta,-GA-30329",0.0,0.0,7461.0,0.0,0.0,0.0,0.0,0.0
"1019-Sw-39th-St,-San-Antonio,-TX-78237",0.0,0.0,179.0,0.0,0.0,0.0,0.0,0.0
"256-E-Gas-Ave,-York,-PA-17403",589.0,0.0,620.0,2323.0,0.0,0.0,0.0,0.0
"1806-N-Culberson-St,-Gainesville,-TX-76240",0.0,0.0,0.0,0.0,0.0,0.0,0.0,0.0
"2520-Sea-Robin-Rd,-Pensacola,-FL-32526",555.0,0.0,560.0,0.0,0.0,0.0,0.0,0.0
"Big-Woods-Rd,-Smyrna,-DE-19977",0.0,0.0,0.0,0.0,0.0,0.0,0.0,0.0
"106-Anita-Dr,-Egg-Harbor-Township,-NJ-08234",0.0,0.0,0.0,0.0,0.0,0.0,0.0,0.0
"231-S-Cherry-St,-Itasca,-IL-60143",0.0,0.0,7373.0,0.0,0.0,0.0,0.0,0.0
"1521-N-Elk-Grove-Ave,-Chicago,-IL-60622",0.0,0.0,0.0,0.0,8321.0,0.0,7659.0,0.0
"2613-N-Prospect-Ave,-Springfield,-MO-65803",0.0,0.0,0.0,0.0,0.0,0.0,0.0,0.0
"917-Katie-Cir,-Royersford,-PA-19468",0.0,3704.0,3979.0,0.0,0.0,0.0,0.0,0.0
"18055-Manning-Dr,-Prairieville,-LA-70769",1286.0,0.0,0.0,0.0,0.0,0.0,0.0,0.0
"20748-W-Grant-Mine-Rd,-Wittmann,-AZ-85361",0.0,0.0,307.0,0.0,0.0,0.0,0.0,0.0
"5500-Broken-Sound-Blvd-NW,---2-1202,-Boca-Raton,-FL-33487",0.0,0.0,0.0,0.0,0.0,0.0,0.0,0.0
"10122-Harvest-Gold-Dr,-Charlotte,-NC-28215",0.0,0.0,0.0,5380.0,0.0,0.0,0.0,0.0
"117-Pinckney-Pl,-Aiken,-SC-29803",0.0,0.0,0.0,0.0,0.0,0.0,0.0,0.0
"16-Prospect-St,-Waterville,-ME-04901",0.0,0.0,2471.0,0.0,0.0,0.0,0.0,0.0
"14-Langdon-Ct,-Sicklerville,-NJ-08081",0.0,2202.0,0.0,0.0,0.0,0.0,2140.0,0.0
"4805-Hahns-Peak-Dr,-Unit-204,-Loveland,-CO-80538",0.0,0.0,1612.0,0.0,0.0,0.0,0.0,0.0
"517-S-Moon-Rd,-Apache-Junction,-AZ-85119",0.0,0.0,4204.0,0.0,0.0,0.0,0.0,0.0
"4127-Sunnyside-Ave,-Baltimore,-MD-21215",0.0,0.0,0.0,0.0,0.0,0.0,0.0,0.0
"202-Southland-Dr,-Sanger,-TX-76266",0.0,0.0,2171.0,0.0,0.0,0.0,0.0,0.0
"1938-Kingston-Rd,-Farmington,-UT-84025",0.0,0.0,3386.0,0.0,0.0,0.0,0.0,0.0
"277-Mark-Ave,-Glendale-Heights,-IL-60139",0.0,0.0,0.0,0.0,6418.0,0.0,0.0,0.0
"139-S-15th-Ave,-Maywood,-IL-60153",0.0,0.0,0.0,0.0,840.0,0.0,0.0,0.0
"3579-Warfield-Rd,-Graham,-NC-27253",0.0,0.0,0.0,0.0,0.0,0.0,0.0,0.0
"4261-Edelweiss-Dr,-Plainfield,-IN-46168",0.0,0.0,4438.0,0.0,0.0,0.0,0.0,0.0
"3951-Forestside-Dr,-Columbus,-GA-31907",0.0,0.0,0.0,0.0,0.0,0.0,0.0,0.0
"7570-W-Flamingo-Rd,-Unit-159,-Las-Vegas,-NV-89147",0.0,736.0,0.0,0.0,640.0,0.0,0.0,0.0
"410-Market-St,-Galveston,-TX-77550",0.0,0.0,0.0,0.0,0.0,0.0,0.0,0.0
"8633-Barrique-Rd,-New-Kent,-VA-23124",0.0,0.0,0.0,0.0,0.0,0.0,0.0,0.0
"11057-Sw-3rd-St,-Unit-11057,-Sweetwater,-FL-33174",0.0,0.0,0.0,0.0,0.0,0.0,0.0,0.0
"581-Roosevelt-Hall,-Ypsilanti,-MI-48197",0.0,0.0,0.0,0.0,0.0,0.0,0.0,0.0
"355-N-Boise-Ave,-Loveland,-CO-80537",0.0,0.0,2766.0,0.0,0.0,0.0,0.0,0.0
"1500-The-Plz,-Charlotte,-NC-28205",0.0,0.0,0.0,7181.0,0.0,0.0,3891.0,0.0
"1007-Quail-Hollow-Dr,-Mary-Esther,-FL-32569",1196.0,0.0,3518.0,0.0,0.0,0.0,0.0,0.0
"101-Boucher-Ln,-Ligonier,-PA-15658",0.0,0.0,1261.0,0.0,0.0,0.0,0.0,0.0
"130-Dwight-St,-Waterbury,-CT-06704",0.0,4223.0,4223.0,6380.0,0.0,0.0,0.0,0.0
"4899-Smithfield-Dr,-Manchester,-MD-21102",0.0,0.0,5065.0,0.0,0.0,0.0,0.0,0.0
"42-Chester-St,-West-Springfield,-MA-01089",0.0,0.0,0.0,0.0,0.0,0.0,0.0,0.0
"82-Crow-Creek-Rd,-Darby,-MT-59829",0.0,0.0,0.0,0.0,0.0,0.0,0.0,0.0
"22-Lake-Julia-Dr-S,-Ponte-Vedra-Beach,-FL-32082",0.0,0.0,8934.0,0.0,0.0,0.0,0.0,0.0
"2410-Everest-Pkwy,-Cape-Coral,-FL-33904",0.0,0.0,4024.0,0.0,0.0,0.0,0.0,0.0
"1388-Laurel-Hill-Dr,-Clermont,-FL-34711",0.0,3431.0,4246.0,0.0,0.0,0.0,0.0,0.0
"600-Beverly-Ave-E,-Sherwood,-AR-72120",1133.0,0.0,909.0,0.0,860.0,0.0,0.0,0.0
"729-Daniel-Freeman-Cir,-Inglewood,-CA-90301",0.0,0.0,16104.0,0.0,0.0,0.0,0.0,0.0
"4400-Kingfish-Ln,-Unit-1,-Panama-City-Beach,-FL-32408",0.0,0.0,0.0,0.0,0.0,0.0,0.0,0.0
"1632-Ne-Prescott-St,-Apt-6,-Portland,-OR-97211",0.0,0.0,0.0,0.0,0.0,0.0,0.0,0.0
"PO-Box-2621,-Weatherford,-TX-76086",0.0,0.0,0.0,0.0,0.0,0.0,0.0,0.0
"1702-Parkway-Dr,-Lubbock,-TX-79403",0.0,0.0,0.0,0.0,0.0,0.0,0.0,0.0
"4347-Beachside-Two-Dr,-Unit-4347,-Miramar-Beach,-FL-32550",0.0,0.0,0.0,0.0,0.0,0.0,0.0,0.0
"31-Oakview-Ter,-Unit-2,-Boston,-MA-02130",0.0,0.0,0.0,0.0,0.0,0.0,0.0,0.0
"810-Sycamore-St,-Ste-609,-Cincinnati,-OH-45202",0.0,0.0,0.0,0.0,0.0,0.0,0.0,0.0
"4001-Airport-Fwy,-Ste-400,-Bedford,-TX-76021",0.0,0.0,0.0,0.0,0.0,0.0,0.0,0.0
"386-Whitecliff-Dr,-Ellijay,-GA-30540",1382.0,0.0,0.0,0.0,0.0,0.0,0.0,0.0
"6002-S-82nd-St,-Unit-1A,-Tampa,-FL-33619",0.0,0.0,0.0,0.0,0.0,0.0,0.0,0.0
"42-Acorn-Ct,-Zion-Crossroads,-VA-22942",0.0,0.0,3033.0,0.0,0.0,0.0,0.0,0.0
"8445-Graves-Ave,-Unit-6,-Santee,-CA-92071",0.0,3440.0,0.0,4624.0,0.0,0.0,0.0,0.0
"4844-Tarragon-Ln,-Grand-Prairie,-TX-75052",0.0,0.0,10312.0,0.0,0.0,0.0,0.0,0.0
"10319-Denison-Ave,-Cupertino,-CA-95014",0.0,0.0,8330.0,0.0,7820.0,0.0,0.0,0.0
"14120-Sw-168th-Ln,-Miami,-FL-33177",0.0,0.0,2589.0,0.0,0.0,0.0,0.0,0.0
"730-Hawks-Crest-Ln,-Blacklick,-OH-43004",0.0,0.0,5716.0,0.0,4751.0,0.0,0.0,0.0
"1696-Snows-Mill-Rd,-Monroe,-GA-30655",0.0,0.0,979.0,0.0,0.0,0.0,0.0,0.0
"1511-W-Speedway-Blvd,-Tucson,-AZ-85745",0.0,1257.0,1264.0,1258.0,1202.0,0.0,0.0,0.0
"1419-El-Camino-Real,-Santa-Clara,-CA-95050",0.0,0.0,0.0,15085.0,0.0,0.0,0.0,0.0
"350-Hillside-Dr,-New-Cumberland,-PA-17070",4443.0,0.0,4615.0,0.0,0.0,0.0,0.0,0.0
"862-Bridgewood-Dr,-Rock-Hill,-SC-29732",0.0,0.0,635.0,631.0,0.0,0.0,0.0,0.0
"PO-Box-366,-Conestee,-SC-29636",0.0,0.0,0.0,0.0,0.0,0.0,0.0,0.0
"5117-Saratoga-Ave,-Bethesda,-MD-20816",0.0,0.0,10688.0,0.0,0.0,0.0,9137.0,0.0
"20550-150th-St,-Carroll,-IA-51401",0.0,0.0,0.0,0.0,0.0,0.0,0.0,0.0
"213-Bridle-Ln,-Washington,-PA-15301",4752.0,0.0,0.0,0.0,0.0,0.0,0.0,0.0
"3404-Ribbon-Reef-Ln,-Austin,-TX-78728",0.0,0.0,0.0,0.0,4930.0,4162.0,0.0,0.0
"208-Lakeside-Dr,-Newport,-NC-28570",0.0,0.0,0.0,0.0,0.0,0.0,0.0,0.0
"497-Spring-Lake-Dr,-Melbourne,-FL-32940",0.0,0.0,4849.0,0.0,0.0,0.0,0.0,0.0
"4700-Catawba-River-Rd,-Edgemoor,-SC-29712",0.0,0.0,0.0,0.0,0.0,0.0,0.0,0.0
"18800-Cohasset-St,-Unit-B,-Los-Angeles,-CA-91335",0.0,0.0,0.0,0.0,0.0,0.0,0.0,0.0
"433-Hoopers-Creek-Rd,-Fletcher,-NC-28732",0.0,0.0,3364.0,0.0,0.0,0.0,0.0,0.0
"2945-Avenida-Valera,-Carlsbad,-CA-92009",0.0,0.0,0.0,10867.0,0.0,0.0,0.0,0.0
"11223-Ratliffe-St,-Norwalk,-CA-90650",4220.0,0.0,0.0,4461.0,0.0,0.0,0.0,0.0
"470-El-Portal-Dr,-Merced,-CA-95340",0.0,1473.0,1478.0,1500.0,1459.0,0.0,0.0,0.0
"6067-Warbling-Ln,-Westerville,-OH-43081",0.0,0.0,2805.0,0.0,0.0,0.0,0.0,0.0
"74-Clemmer-Ave,-Akron,-OH-44313",0.0,3530.0,0.0,0.0,0.0,0.0,0.0,0.0
"2229-Via,-Firenze,-Henderson,-NV-89044",2514.0,0.0,2668.0,0.0,0.0,0.0,0.0,0.0
"5111-Bonnedale-Ct,-Tampa,-FL-33624",0.0,2944.0,2981.0,0.0,0.0,0.0,0.0,0.0
"9-Short-24th-Ave-E,-Tuscaloosa,-AL-35404",396.0,423.0,423.0,0.0,0.0,0.0,0.0,0.0
"485-Brown-Thrasher-Ct,-Alpharetta,-GA-30009",0.0,4765.0,4211.0,0.0,1837.0,0.0,0.0,0.0
"15400-Sw-81st-Cir-Ln,-Apt-1011,-Miami,-FL-33193",0.0,0.0,0.0,0.0,0.0,0.0,0.0,0.0
"5-Running-Brook-Rd,-Waterbury,-CT-06704",0.0,0.0,0.0,0.0,0.0,0.0,0.0,0.0
"2100-Augusta-Blvd,-Apt-134,-Fairfield,-OH-45014",849.0,0.0,941.0,0.0,0.0,0.0,0.0,0.0
"10530-Secretariat-Dr,-Indianapolis,-IN-46234",2958.0,2982.0,2919.0,0.0,0.0,0.0,0.0,0.0
"445-S-Shelby-St,-Hobart,-IN-46342",0.0,0.0,0.0,0.0,0.0,0.0,0.0,0.0
"1-Lucier-St,-Nashua,-NH-03064",0.0,0.0,0.0,0.0,0.0,0.0,0.0,0.0
"12549-Wissant-Ln,-Saint-Louis,-MO-63146",0.0,0.0,0.0,0.0,0.0,0.0,0.0,0.0
"4660-Marysville-Rd,-Delaware,-OH-43015",0.0,0.0,4431.0,0.0,3719.0,0.0,0.0,0.0
"1536-Greenbriar-Blvd,-Boulder,-CO-80305",0.0,4005.0,0.0,0.0,0.0,0.0,0.0,0.0
"3141-Glennhaven-Dr,-Byram,-MS-39272",0.0,0.0,1658.0,0.0,0.0,0.0,0.0,0.0
"603-E-9th-St,-Washington,-NC-27889",0.0,0.0,0.0,5329.0,0.0,0.0,0.0,0.0
"132-Herndon-Dr,-Evansville,-IN-47711",0.0,0.0,592.0,0.0,1518.0,0.0,0.0,0.0
"3402-Griffin-Rd,-Fort-Lauderdale,-FL-33312",0.0,0.0,0.0,0.0,0.0,0.0,0.0,0.0
"2291-Peeksville-Rd,-Locust-Grove,-GA-30248",3572.0,0.0,4398.0,0.0,0.0,0.0,0.0,0.0
"1913-Michelle-Ct,-Grove-City,-OH-43123",0.0,0.0,0.0,0.0,0.0,0.0,0.0,0.0
"158-Midwood-Ave,-Waterbury,-CT-06708",0.0,8785.0,0.0,0.0,0.0,0.0,0.0,0.0
"408-Winter-Park-Dr,-O-Fallon,-MO-63366",0.0,0.0,0.0,0.0,0.0,0.0,0.0,0.0
"3230-Brawner-Pkwy,-Corpus-Christi,-TX-78411",0.0,2420.0,0.0,0.0,2397.0,0.0,0.0,0.0
"815-Kilsyth-Rd,-Elizabeth,-NJ-07208",0.0,0.0,0.0,0.0,10636.0,0.0,0.0,0.0
"815-1st-St,-Augusta,-GA-30901",575.0,0.0,0.0,0.0,0.0,0.0,0.0,0.0
"36550-Chester-Rd,-Apt-2702,-Avon,-OH-44011",0.0,0.0,0.0,0.0,0.0,0.0,0.0,0.0
"29015-Abbey-Grove-Ln,-Katy,-TX-77494",0.0,4910.0,0.0,0.0,0.0,0.0,0.0,0.0
"1417-S-Camlan-Ln-W,-Springville,-UT-84663",0.0,0.0,0.0,0.0,0.0,0.0,0.0,0.0
"1803-Sw-Stallings-Dr,-Ste-1,-Nacogdoches,-TX-75964",0.0,0.0,0.0,0.0,0.0,0.0,0.0,0.0
"Rolling-Hls,-Lot-8,-Viroqua,-WI-54665",0.0,0.0,0.0,0.0,0.0,0.0,0.0,0.0
"2316-Wyoming-St,-Carlsbad,-NM-88220",0.0,0.0,0.0,0.0,0.0,0.0,0.0,0.0
"20-Washington-St,-Apt-49,-Methuen,-MA-01844",2743.0,0.0,0.0,3612.0,0.0,0.0,0.0,0.0
"850-Sw-7th-St,-Fort-Lauderdale,-FL-33315",0.0,0.0,0.0,0.0,0.0,0.0,0.0,0.0
"4923-W-31st-St,-Little-Rock,-AR-72204",382.0,382.0,419.0,0.0,0.0,0.0,0.0,0.0
"1335-Scott-Ave,-Fort-Wayne,-IN-46807",1241.0,0.0,1447.0,0.0,0.0,0.0,0.0,0.0
"105-Dakota-Dr,-Rio-Grande-City,-TX-78582",0.0,0.0,934.0,0.0,0.0,0.0,0.0,0.0
"2980-Delmar-Ln-NW,-Apt-H7,-Atlanta,-GA-30311",0.0,0.0,0.0,0.0,0.0,0.0,0.0,0.0
"18936-Nw-85th-Ave,-Apt-2606,-Hialeah,-FL-33015",0.0,0.0,4522.0,0.0,0.0,0.0,0.0,0.0
"227-Center-St,-Canandaigua,-NY-14424",0.0,0.0,0.0,0.0,0.0,0.0,0.0,0.0
"95-E-King-St,-Dallastown,-PA-17313",0.0,0.0,5121.0,0.0,0.0,0.0,0.0,0.0
"1612-Houston-Blvd,-Apt-13,-South-Houston,-TX-77587",0.0,0.0,0.0,0.0,0.0,0.0,0.0,0.0
"919-W-Prince-Rd,-Tucson,-AZ-85705",0.0,0.0,0.0,0.0,0.0,0.0,0.0,0.0
"9177-S-South-Chicago-Ave,-Apt-602,-Chicago,-IL-60617",0.0,0.0,0.0,0.0,0.0,0.0,0.0,0.0
"2970-N-Cardell-Cir,-Tucson,-AZ-85712",1833.0,0.0,1903.0,1889.0,0.0,0.0,0.0,0.0
"7-Di-Lago-Park-Place-Dr,-Shady-Shores,-TX-76208",0.0,0.0,13716.0,0.0,0.0,0.0,0.0,0.0
"21258-Woodland-Way,-Shorewood,-IL-60404",0.0,0.0,0.0,0.0,0.0,0.0,0.0,0.0
"6433-Birchcrest-Ct,-Las-Vegas,-NV-89108",1010.0,1041.0,0.0,0.0,0.0,0.0,0.0,0.0
"3548-Paradise-Dr,-Laredo,-TX-78046",0.0,0.0,0.0,0.0,0.0,0.0,0.0,0.0
"2029-Airport-Rd,-Whispering-Pines,-NC-28327",1598.0,0.0,0.0,0.0,0.0,0.0,0.0,0.0
"12551-S-Ocotillo-Ridge-Trl,-Vail,-AZ-85641",0.0,0.0,896.0,945.0,0.0,0.0,0.0,0.0
"3437-Decoursey-Ave,---2,-Covington,-KY-41015",0.0,0.0,0.0,0.0,0.0,0.0,0.0,0.0
"929-E-Foothill-Blvd,-Spc-149,-Upland,-CA-91786",0.0,168.0,0.0,0.0,0.0,0.0,0.0,0.0
"4171-Cumbrian-Gardens-Ln,-Jacksonville,-FL-32257",2325.0,2350.0,2372.0,0.0,0.0,0.0,0.0,0.0
"PO-Box-36,-Silver-Spring,-PA-17575",0.0,0.0,0.0,0.0,0.0,0.0,0.0,0.0
"607-W-Provential-Dr,-Apt-8,-Anaheim,-CA-92805",0.0,0.0,0.0,0.0,0.0,0.0,0.0,0.0
"2300-Wilshire-Blvd,-Unit-201,-Santa-Monica,-CA-90403",0.0,0.0,0.0,0.0,0.0,0.0,0.0,0.0
"Morris-Shepherd-Dr,-Unit-7,-Brownwood,-TX-76801",0.0,0.0,0.0,0.0,0.0,0.0,0.0,0.0
"34665-Sherwood-Dr,-Solon,-OH-44139",0.0,0.0,5502.0,0.0,0.0,0.0,0.0,0.0
"9612-Mathog-Rd,-Riverview,-FL-33578",0.0,0.0,1316.0,0.0,0.0,0.0,0.0,0.0
"737-Woodfield-Rd,-Villanova,-PA-19085",0.0,0.0,0.0,0.0,7782.0,0.0,7504.0,0.0
"1356-E-11th-St,-Casa-Grande,-AZ-85122",1803.0,0.0,1800.0,1827.0,0.0,0.0,0.0,0.0
"2803-N-22nd-St,-Tampa,-FL-33605",0.0,0.0,0.0,0.0,0.0,0.0,0.0,0.0
"11807-Highgrove-Dr,-Houston,-TX-77077",5638.0,0.0,0.0,0.0,0.0,0.0,0.0,0.0
"6741-Day-St,-Tujunga,-CA-91042",0.0,0.0,0.0,10604.0,0.0,0.0,0.0,0.0
"6407-Beechwood-St,-Detroit,-MI-48210",0.0,0.0,0.0,0.0,0.0,0.0,0.0,0.0
"1206-Ambrose-Dr,-Salado,-TX-76571",0.0,0.0,4156.0,0.0,0.0,0.0,0.0,0.0
"PO-Box-519,-Union,-SC-29379",0.0,0.0,0.0,0.0,0.0,0.0,0.0,0.0
"4153-Rialto-Ave,-Clovis,-CA-93619",0.0,0.0,5787.0,0.0,0.0,0.0,0.0,0.0
"7034-Golden-Crst,-Elkridge,-MD-21075",0.0,0.0,9232.0,0.0,11007.0,0.0,0.0,0.0
"952-Plymouth-Sorrento-Rd,-Apopka,-FL-32712",0.0,0.0,8048.0,0.0,5819.0,0.0,0.0,0.0
"5111-Mckittrick-Canyon-Dr,-Austin,-TX-78759",0.0,0.0,9627.0,0.0,0.0,0.0,0.0,0.0
"PO-Box-453,-Westville,-NJ-08093",0.0,0.0,0.0,0.0,0.0,0.0,0.0,0.0
"34-Wax-Myrtle-Ct,-Hilton-Head-Island,-SC-29926",1272.0,0.0,1281.0,0.0,0.0,0.0,0.0,0.0
"801-East-Dr,-Edmond,-OK-73034",0.0,0.0,2919.0,0.0,0.0,0.0,0.0,0.0
"837-Worcester-Dr,-Schenectady,-NY-12309",0.0,0.0,0.0,0.0,0.0,0.0,0.0,0.0
"259-Lee-Rd,-601,-Phenix-City,-AL-36870",0.0,0.0,0.0,0.0,0.0,0.0,0.0,0.0
"617-Hillside-Rd,-Glenview,-IL-60025",0.0,14566.0,0.0,0.0,13579.0,0.0,0.0,0.0
"15422-Carrillon-Estates-Blvd,-Tampa,-FL-33625",0.0,0.0,4526.0,0.0,4264.0,0.0,0.0,0.0
"1122-Nw-4th-St,-Meridian,-ID-83642",0.0,0.0,1998.0,0.0,0.0,0.0,0.0,0.0
"230-Sharon-Rd,-Arcadia,-CA-91007",0.0,0.0,0.0,6746.0,0.0,0.0,0.0,0.0
"180-Cimarron-Ct,-Apt-E,-Oshkosh,-WI-54902",0.0,0.0,0.0,0.0,0.0,0.0,0.0,0.0
"7635-Concord-Rd,-Beaumont,-TX-77708",0.0,0.0,0.0,0.0,1275.0,0.0,0.0,0.0
"109-Freestone-St,-Greenville,-SC-29605",0.0,0.0,1774.0,1847.0,0.0,0.0,0.0,0.0
"82-Cliffwood-Ave,-Unit-38,-Cliffwood,-NJ-07721",0.0,0.0,0.0,0.0,0.0,0.0,0.0,0.0
"4401-Cedar-Ave,-Pikesville,-MD-21208",0.0,0.0,1804.0,2857.0,0.0,0.0,0.0,0.0
"7945-Cobblesprings-Dr,-Avon,-IN-46123",2531.0,0.0,3291.0,0.0,0.0,0.0,0.0,0.0
"PO-Box-81,-Concord,-NC-28026",0.0,0.0,0.0,0.0,0.0,0.0,0.0,0.0
"7400-Windsor-Woods-Dr,-Apt-2C,-Canton,-MI-48187",0.0,0.0,0.0,0.0,0.0,0.0,0.0,0.0
"6208-202nd-St-SW,-Unit-63,-Lynnwood,-WA-98036",125.0,0.0,0.0,0.0,0.0,0.0,38.0,0.0
